,Date,Open,High,Low,Close,Adj Close,Volume,ret,fwd_ret5,fwd_ret5,x2,new_column
0,2022-06-14,15674.25,15858.0,15659.450195,15732.099609,15732.099609,225400,-0.012804230343902323,-0.04829198206891272,-0.04829198206891272,1.7455035010190114,-0.03889003476848765
1,2022-06-15,15729.25,15783.650391,15678.900391,15692.150391,15692.150391,183000,0.0035089398216821,-0.04526261107621554,-0.04526261107621554,2.5815768640125185,0.0665251332197871
2,2022-06-16,15832.25,15863.150391,15335.099609,15360.599609,15360.599609,264700,0.0065483096778296,-0.026537358582138126,-0.026537358582138126,1.894950613039594,-0.016882730446506476
3,2022-06-17,15272.650391,15400.400391,15183.400391,15293.5,15293.5,342600,-0.03534555157984498,-0.06210408358473862,-0.06210408358473862,1.6848270359607393,-0.04856796867311711
4,2022-06-20,15334.5,15382.5,15191.099609,15350.150391,15350.150391,260000,0.004049697165624089,-0.034202368228691604,-0.034202368228691604,2.1585720745599373,0.015069703025106844
5,2022-06-21,15455.950195,15707.25,15419.849609,15638.799805,15638.799805,262800,0.007920062277870121,-0.013927288705998686,-0.013927288705998686,2.838696973996611,0.1034792432702512
6,2022-06-22,15545.650391,15565.400391,15385.950195,15413.299805,15413.299805,220900,0.005803602811105035,-0.01167249608214005,-0.01167249608214005,1.860024077435272,-0.019050050180454
7,2022-06-23,15451.549805,15628.450195,15367.5,15556.650391,15556.650391,259200,-0.006053177810719124,-0.024045868085711075,-0.024045868085711075,2.1818276936966257,0.01950438252613093
8,2022-06-24,15657.400391,15749.25,15619.450195,15699.25,15699.25,219600,0.013322326148370367,0.02519209110075149,0.02519209110075149,2.1914645631090313,0.028059300335163597
9,2022-06-27,15926.200195,15927.450195,15815.5,15832.049805,15832.049805,210900,0.017167588315267768,0.03858620724510087,0.03858620724510087,2.3976208896366438,0.055938877456335044
10,2022-06-28,15757.450195,15892.099609,15710.150391,15850.200195,15850.200195,251900,-0.010595747757395357,0.019507050436636142,0.019507050436636142,1.5446953142781794,-0.05398619754298972
11,2022-06-29,15701.700195,15861.599609,15687.799805,15799.099609,15799.099609,444900,-0.003538008961480932,0.010038165022052903,0.010038165022052903,2.1675424376852033,0.02279545427915049
12,2022-06-30,15774.5,15890.0,15728.849609,15780.25,15780.25,306000,0.004636428163568018,0.020900828659627058,0.020900828659627058,2.2298130902536584,0.03223354491424433
13,2022-07-01,15703.700195,15793.950195,15511.049805,15752.049805,15752.049805,364100,-0.004488244001394692,0.0029570556314453267,0.0029570556314453267,1.8923905507942778,-0.01280429788246014
14,2022-07-04,15710.5,15852.349609,15661.799805,15835.349609,15835.349609,304300,0.0004330065472191169,-0.013543732488539129,-0.013543732488539129,1.509622810562247,-0.06331966146831089
15,2022-07-05,15909.150391,16025.75,15785.450195,15810.849609,15810.849609,254200,0.012644434677445027,0.009627204536438061,0.009627204536438061,2.2832765278164615,0.03726376839057433
16,2022-07-06,15818.200195,16011.349609,15800.900391,15989.799805,15989.799805,288400,-0.00571684808834616,0.007419578679581429,0.007419578679581429,1.2776726666819997,-0.0893122039787993
17,2022-07-07,16113.75,16150.5,16045.950195,16132.900391,16132.900391,264600,0.018684161368334617,0.021506228406605654,0.021506228406605654,2.471901666209576,0.06271641142696405
18,2022-07-08,16273.650391,16275.5,16157.900391,16220.599609,16220.599609,281100,0.009923226499107818,0.036294006439416826,0.036294006439416826,2.723060097133204,0.09645359287996401
19,2022-07-11,16136.150391,16248.549805,16115.5,16216.0,16216.0,255900,-0.00844924136234626,0.02709337010279733,0.02709337010279733,2.2701945898449596,0.038226937193916136
20,2022-07-12,16126.200195,16158.75,16031.150391,16058.299805,16058.299805,208600,-0.000616640013813341,0.013643079527539514,0.013643079527539514,2.8204160665860005,0.10529701217001756
21,2022-07-13,16128.200195,16140.0,15950.150391,15966.650391,15966.650391,233300,0.00012402177672465875,0.01959767838176618,0.01959767838176618,2.113045774759836,0.01737981390128556
22,2022-07-14,16018.849609,16070.849609,15858.200195,15938.650391,15938.650391,228600,-0.006780086102471605,-0.005889404452718905,-0.005889404452718905,2.3861919824268307,0.047869405059238763
23,2022-07-15,16010.799805,16066.950195,15927.299805,16049.200195,16049.200195,205800,-0.0005025207300453083,-0.01615191304253194,-0.01615191304253194,2.6426275629066094,0.07853221854039692
24,2022-07-18,16151.400391,16287.950195,16142.200195,16278.5,16278.5,227700,0.008781609145852354,0.0009450829120001281,0.0009450829120001281,2.6743109937961087,0.08506030067632052
25,2022-07-19,16187.049805,16359.5,16187.049805,16340.549805,16340.549805,222600,0.002207202665836183,0.0037733383725986336,0.0037733383725986336,2.173472706098299,0.02260540285724285
26,2022-07-20,16562.800781,16588.0,16490.949219,16520.849609,16520.849609,284400,0.023213061090596954,0.0269466264521403,0.0269466264521403,2.2133832478829505,0.031072773385625904
27,2022-07-21,16523.550781,16626.949219,16483.900391,16605.25,16605.25,243600,-0.0023697682849042057,0.03150670518290166,0.03150670518290166,1.0315911541293388,-0.11661284733574581
28,2022-07-22,16661.25,16752.25,16610.900391,16719.449219,16719.449219,190900,0.008333512622379802,0.04062571532478154,0.04062571532478154,2.0437086645079567,0.011811875014940113
29,2022-07-25,16662.550781,16706.050781,16564.25,16631.0,16631.0,211400,7.807223347588987e-05,0.0316474347502913,0.0316474347502913,1.3672150138105112,-0.07445658635078237
30,2022-07-26,16632.900391,16636.099609,16463.300781,16483.849609,16483.849609,208200,-0.0017794628439369298,0.027543659367890605,0.027543659367890605,2.1888384712335722,0.02808040787725698
31,2022-07-27,16475.349609,16653.449219,16438.75,16641.800781,16641.800781,185200,-0.00947223745085668,-0.005279974876007731,-0.005279974876007731,2.229656875966945,0.028308410555494306
32,2022-07-28,16774.849609,16947.650391,16746.25,16929.599609,16929.599609,376300,0.01817867341864421,0.015208524567792203,0.015208524567792203,2.167236693376907,0.02352835883789517
33,2022-07-29,17079.5,17172.800781,17018.150391,17158.25,17158.25,436100,0.018161139926795355,0.02510315852652112,0.02510315852652112,1.3735245431796548,-0.07464071107245467
34,2022-08-01,17243.199219,17356.25,17154.800781,17340.050781,17340.050781,381500,0.009584543985479588,0.03484751198250513,0.03484751198250513,2.1971230337857737,0.030210030330079643
35,2022-08-02,17310.150391,17390.150391,17215.849609,17345.449219,17345.449219,333600,0.003882758132622399,0.0407174926849474,0.0407174926849474,1.7982376158747344,-0.0189916362514063
36,2022-08-03,17349.25,17407.5,17225.849609,17388.150391,17388.150391,285400,0.0022587677239551684,0.05304290420171798,0.05304290420171798,2.2999247871900614,0.04583038212804377
37,2022-08-04,17463.099609,17490.699219,17161.25,17382.0,17382.0,325000,0.006562220787642126,0.041028683776141994,0.041028683776141994,1.2768089895015686,-0.08440699270865377
38,2022-08-05,17423.650391,17474.400391,17348.75,17397.5,17397.5,355300,-0.002259004351075844,0.02014991018472423,0.02014991018472423,1.520906168348242,-0.05687686259057717
39,2022-08-08,17401.5,17548.800781,17359.75,17525.099609,17525.099609,257000,-0.0012712830263995611,0.009180476255564729,0.009180476255564729,1.2853734188593662,-0.08808274551014313
40,2022-08-10,17566.099609,17566.099609,17442.800781,17534.75,17534.75,312700,0.009458932218487037,0.014786077083020377,0.014786077083020377,2.3116748844818167,0.0415985618673116
41,2022-08-11,17711.650391,17719.300781,17631.949219,17659.0,17659.0,311200,0.00828589073498276,0.020888533567733347,0.020888533567733347,1.7219796813038133,-0.031523281552060335
42,2022-08-12,17659.650391,17724.650391,17597.849609,17698.150391,17698.150391,303900,-0.00293592064274395,0.011255205914229682,0.011255205914229682,2.208314654033735,0.02809567780740009
43,2022-08-16,17797.199219,17839.099609,17764.050781,17825.25,17825.25,0,0.007788876051028737,0.021439182927645906,0.021439182927645906,2.2013555378753513,0.02874120392922871
44,2022-08-17,17868.150391,17965.949219,17833.349609,17944.25,17944.25,262800,0.003986648186994124,0.026816676206074197,0.026816676206074197,2.4357012294897973,0.05896388185809018
45,2022-08-18,17898.650391,17968.449219,17852.050781,17956.5,17956.5,263900,0.001706947800000691,0.018931395665638506,0.018931395665638506,1.314047455209597,-0.08302832351497336
46,2022-08-19,17966.550781,17992.199219,17710.75,17758.449219,17758.449219,295600,0.003793603904020948,0.014391679170086213,0.014391679170086213,1.7632448683314375,-0.027311889676106295
47,2022-08-22,17682.900391,17690.050781,17467.349609,17490.699219,17490.699219,287600,-0.015787693111354972,0.0013165606048377576,0.0013165606048377576,2.2795539711600434,0.035556686259965824
48,2022-08-23,17357.349609,17625.550781,17345.199219,17577.5,17577.5,285600,-0.018410485542614485,-0.024714541012184732,-0.024714541012184732,1.1595726977338323,-0.10893245193492423
49,2022-08-24,17525.449219,17623.650391,17499.25,17604.949219,17604.949219,262000,0.009684635833620447,-0.019179443003379704,-0.019179443003379704,2.6190690394400056,0.07512297598143865
50,2022-08-25,17679.0,17726.5,17487.449219,17522.449219,17522.449219,230200,0.008761588880331406,-0.012271896830302165,-0.012271896830302165,2.9567685886179147,0.11854926572825003
51,2022-08-26,17619.300781,17685.849609,17519.349609,17558.900391,17558.900391,266600,-0.003376843656315298,-0.01932758291965664,-0.01932758291965664,1.3902902294558284,-0.07916385261715489
52,2022-08-29,17188.650391,17380.150391,17166.199219,17312.900391,17312.900391,244900,-0.02444196823431266,-0.02795073144513993,-0.02795073144513993,2.0831079483459147,0.006528289155114856
53,2022-08-30,17414.949219,17777.650391,17401.5,17759.300781,17759.300781,324700,0.013165596067884922,0.0033184565211574757,0.0033184565211574757,1.943040442337731,-0.006391640299817134
54,2022-09-01,17485.699219,17695.599609,17468.449219,17542.800781,17542.800781,308500,0.004062601567784707,-0.0022681301633572515,-0.0022681301633572515,1.907498917606056,-0.011687013685611593
55,2022-09-02,17598.400391,17643.849609,17476.449219,17539.449219,17539.449219,256300,0.006445334017729065,-0.004559059279371058,-0.004559059279371058,2.6931234865791263,0.08660099908223487
56,2022-09-05,17546.449219,17683.150391,17540.349609,17665.800781,17665.800781,230300,-0.00295203943800304,-0.004134758972873853,-0.004134758972873853,1.6567381206174199,-0.04344676182492596
57,2022-09-06,17695.699219,17764.650391,17587.650391,17655.599609,17655.599609,251200,0.008505994468578137,0.029499048294419294,0.029499048294419294,2.1900143443817637,0.028519725909874914
58,2022-09-07,17519.400391,17650.75,17484.300781,17624.400391,17624.400391,354100,-0.009962806545146585,0.005997787916949049,0.005997787916949049,2.792894644637625,0.10070140012349145
59,2022-09-08,17748.150391,17807.650391,17691.949219,17798.75,17798.75,279800,0.013056953713867614,0.01500947538402242,0.01500947538402242,2.6463342348015653,0.08364606744709426
60,2022-09-09,17923.349609,17925.949219,17786.0,17833.349609,17833.349609,270300,0.009871407112306496,0.018464701949058027,0.018464701949058027,1.4459743653411716,-0.06653542621108155
61,2022-09-12,17890.849609,17980.550781,17889.150391,17936.349609,17936.349609,228200,-0.0018132771334037345,0.019627925040644145,0.019627925040644145,1.9614205294729,-0.0016511809370587192
62,2022-09-13,18044.449219,18088.300781,18015.449219,18070.050781,18070.050781,259900,0.008585372598667984,0.01970817856270668,0.01970817856270668,0.7600465065305695,-0.15246345637024245
63,2022-09-14,17771.150391,18091.550781,17771.150391,18003.75,18003.75,365900,-0.015145867002259505,0.014369784032638888,0.014369784032638888,2.0078076303006505,0.003388017129673114
64,2022-09-15,18046.349609,18096.150391,17861.5,17877.400391,17877.400391,289600,0.015485728945233257,0.01680170673735204,0.01680170673735204,1.4617215735434632,-0.06480654990515973
65,2022-09-16,17796.800781,17820.050781,17497.25,17530.849609,17530.849609,468500,-0.013828216420873618,-0.007060556802198081,-0.007060556802198081,2.8421658268998025,0.10493907898739716
66,2022-09-19,17540.650391,17667.199219,17429.699219,17622.25,17622.25,258300,-0.014393058232885947,-0.019574208360894962,-0.019574208360894962,1.892437980934888,-0.016159445832524995
67,2022-09-20,17770.400391,17919.300781,17744.400391,17816.25,17816.25,263100,0.013098146013894807,-0.01518743103067055,-0.01518743103067055,1.7024924605700964,-0.03935140200560551
68,2022-09-21,17766.349609,17838.699219,17663.599609,17718.349609,17718.349609,245500,-0.00022795108218554017,-0.0002701446948775166,-0.0002701446948775166,1.4910840628054416,-0.06366698561674557
69,2022-09-22,17609.650391,17722.75,17532.449219,17629.800781,17629.800781,284100,-0.008820000813257733,-0.02419875639460145,-0.02419875639460145,1.8723171579584417,-0.01937534398859779
70,2022-09-23,17593.849609,17642.150391,17291.650391,17327.349609,17327.349609,390800,-0.0008972797102249075,-0.011403800857099688,-0.011403800857099688,2.3276895923508,0.03970222191008667
71,2022-09-26,17156.300781,17196.400391,16978.300781,17016.300781,17016.300781,492000,-0.024869419582635,-0.021911936070352578,-0.021911936070352578,2.8553258895734364,0.10437577908522616
72,2022-09-27,17110.900391,17176.449219,16942.349609,17007.400391,17007.400391,359900,-0.002646280837549919,-0.03711227577820986,-0.03711227577820986,2.544694838697713,0.0631106752551105
73,2022-09-28,16870.550781,17037.599609,16820.400391,16858.599609,16858.599609,323900,-0.014046578760192885,-0.050421096495039675,-0.050421096495039675,1.2118327486409601,-0.10620633866438375
74,2022-09-29,16993.599609,17026.050781,16788.599609,16818.099609,16818.099609,340000,0.007293705439574527,-0.03498370315828936,-0.03498370315828936,2.5658281708453217,0.06608134971285566
75,2022-09-30,16798.050781,17187.099609,16747.699219,17094.349609,17094.349609,376100,-0.011507204624053524,-0.04523164888217035,-0.04523164888217035,2.236319871011238,0.023185110716773115
76,2022-10-03,17102.099609,17114.650391,16855.550781,16887.349609,16887.349609,278400,0.01810024460361226,-0.003159257504976032,-0.003159257504976032,2.5008381698617868,0.06266971533293463
77,2022-10-04,17147.449219,17287.300781,17117.300781,17274.300781,17274.300781,226000,0.0026516983900697344,0.0021359967719303263,0.0021359967719303263,2.559163576492623,0.07078198888931522
78,2022-10-06,17379.25,17428.800781,17315.650391,17331.800781,17331.800781,265500,0.013518091118949416,0.030153088989418597,0.030153088989418597,1.9007843967088924,-0.007693538557861829
79,2022-10-07,17287.199219,17337.349609,17216.949219,17314.650391,17314.650391,216300,-0.005296591107211257,0.01727707000019607,0.01727707000019607,2.6608540379117036,0.0858071974260552
80,2022-10-10,17094.349609,17280.150391,17064.699219,17241.0,17241.0,234000,-0.011155630681229156,0.017638881550181784,0.017638881550181784,2.3617335929681187,0.04830865574069759
81,2022-10-11,17256.050781,17261.800781,16950.300781,16983.550781,16983.550781,282600,0.009459334557827548,0.009001887225530192,0.009001887225530192,1.6836122877501325,-0.03811323506333798
82,2022-10-12,17025.550781,17142.349609,16960.050781,17123.599609,17123.599609,256000,-0.01335763338467888,-0.007108837964362014,-0.007108837964362014,1.6570204288331034,-0.04385497835801446
83,2022-10-13,17087.349609,17112.349609,16956.949219,17014.349609,17014.349609,266400,0.003629769679402317,-0.016795914150495528,-0.016795914150495528,2.466213843009959,0.056288620228614195
84,2022-10-14,17322.300781,17348.550781,17169.75,17185.699219,17185.699219,227000,0.013750006722882846,0.002030494445937947,0.002030494445937947,3.150545473531314,0.14501018107280983
85,2022-10-17,17144.800781,17328.550781,17098.550781,17311.800781,17311.800781,212200,-0.010246906703911485,0.0029513361522359727,0.0029513361522359727,1.5409996626742322,-0.05691986072803605
86,2022-10-18,17438.75,17527.800781,17434.050781,17486.949219,17486.949219,239500,0.0171450938832578,0.010587545280126509,0.010587545280126509,1.691791951590881,-0.03684979389332866
87,2022-10-19,17568.150391,17607.599609,17472.849609,17512.25,17512.25,210500,0.007420279033760968,0.0318697243325321,0.0318697243325321,2.861431155836793,0.11316513526949516
88,2022-10-20,17423.099609,17584.150391,17421.0,17563.949219,17563.949219,249600,-0.008256462904274064,0.019649039065903873,0.019649039065903873,1.6387841858581544,-0.04215280556299986
89,2022-10-21,17622.849609,17670.150391,17520.75,17576.300781,17576.300781,277700,0.011464664983997341,0.017350398875977113,0.017350398875977113,1.6612609525541364,-0.039673901837117
90,2022-10-24,17736.349609,17777.550781,17707.400391,17730.75,17730.75,45000,0.006440502104837487,0.03450310304308446,0.03450310304308446,2.1025083022427244,0.01828042418753856
91,2022-10-25,17808.300781,17811.5,17637.0,17656.349609,17656.349609,251400,0.004056706909041141,0.021191357236040487,0.021191357236040487,2.187161934212373,0.026922325182112173
92,2022-10-27,17771.400391,17783.900391,17654.5,17736.949219,17736.949219,324600,-0.002072089328105431,0.011569231562596594,0.011569231562596594,2.237919416439185,0.0318591969408267
93,2022-10-28,17756.400391,17838.900391,17723.699219,17786.800781,17786.800781,250000,-0.0008440527853729174,0.019129821299295635,0.019129821299295635,2.902087689617271,0.11636880781075468
94,2022-10-31,17910.199219,18022.800781,17899.900391,18012.199219,18012.199219,227200,0.008661599457846947,0.01630551337470698,0.01630551337470698,2.76355433313718,0.09855558125644096
95,2022-11-01,18130.699219,18175.800781,18060.150391,18145.400391,18145.400391,349900,0.01231142084483805,0.022233978168759716,0.022233978168759716,2.012839860873223,0.0051929206429363215
96,2022-11-02,18177.900391,18178.75,18048.650391,18082.849609,18082.849609,270900,0.0026033839859047614,0.02075434453546121,0.02075434453546121,2.033436386936196,0.007557948432624809
97,2022-11-03,17968.349609,18106.300781,17959.199219,18052.699219,18052.699219,213000,-0.011527776998038197,0.011082369068660558,0.011082369068660558,1.4886113919650814,-0.062283900606079044
98,2022-11-04,18053.400391,18135.099609,18017.150391,18117.150391,18117.150391,267900,0.004733366383153914,0.016726363083732654,0.016726363083732654,2.203737798826308,0.028337245264492647
99,2022-11-07,18211.75,18255.5,18064.75,18202.800781,18202.800781,314800,0.008771179144674734,0.016836818916011964,0.016836818916011964,2.1959358854495745,0.027374245944916775
100,2022-11-09,18288.25,18296.400391,18117.5,18157.0,18157.0,307200,0.004200584787293904,0.008689724488667006,0.008689724488667006,2.0996725709515953,0.01407370553543642
101,2022-11-10,18044.349609,18103.099609,17969.400391,18028.199219,18028.199219,256500,-0.013336453241835522,-0.0073468761038056885,-0.0073468761038056885,2.1780636308960664,0.021522903322864113
102,2022-11-11,18272.349609,18362.300781,18259.349609,18349.699219,18349.699219,378500,0.012635534388353964,0.01691863786130532,0.01691863786130532,1.828422683333646,-0.0187523040077091
103,2022-11-14,18376.400391,18399.449219,18311.400391,18329.150391,18329.150391,301400,0.005694439096587178,0.017891366335675007,0.017891366335675007,1.7785499527100033,-0.0248683755637817
104,2022-11-15,18362.75,18427.949219,18282.0,18403.400391,18403.400391,250900,-0.0007428218100148376,0.008291350364462602,0.008291350364462602,1.6155632356637455,-0.04676231998241434
105,2022-11-16,18398.25,18442.150391,18344.150391,18409.650391,18409.650391,219300,0.0019332616302023542,0.006014790917665769,0.006014790917665769,1.809787759492308,-0.02271837248676621
106,2022-11-17,18358.699219,18417.599609,18312.949219,18343.900391,18343.900391,200500,-0.0021497034228800116,0.017420944329476384,0.017420944329476384,1.823258045091768,-0.019325757230499962
107,2022-11-18,18382.949219,18394.599609,18209.800781,18307.650391,18307.650391,198800,0.0013208996841618248,0.006052840076216759,0.006052840076216759,2.36335895868502,0.04678436088997738
108,2022-11-21,18246.400391,18262.300781,18133.349609,18159.949219,18159.949219,213800,-0.007428015296852775,-0.007074290787855708,-0.007074290787855708,2.4312757580034923,0.05335260758079721
109,2022-11-22,18179.150391,18261.849609,18137.699219,18244.199219,18244.199219,177700,-0.00368565846188329,-0.009998481109855573,-0.009998481109855573,2.4028189203854,0.04934383105968484
110,2022-11-23,18325.199219,18325.400391,18246.0,18267.25,18267.25,178800,0.008033864336823182,-0.003970528773117099,-0.003970528773117099,1.637550474072279,-0.04583113985502078
111,2022-11-24,18326.099609,18529.699219,18294.25,18484.099609,18484.099609,204000,4.913398153227888e-05,-0.0017757036928988112,-0.0017757036928988112,3.3508363814464706,0.1695875374432068
112,2022-11-25,18528.449219,18534.900391,18445.099609,18512.75,18512.75,205900,0.01104160810632182,0.007914943258920504,0.007914943258920504,2.656913691498784,0.08391591828633477
113,2022-11-28,18430.550781,18614.25,18365.599609,18562.75,18562.75,206500,-0.00528368223605058,0.010092422946656132,0.010092422946656132,2.759788513231348,0.09715597037537103
114,2022-11-29,18552.449219,18678.099609,18552.150391,18618.050781,18618.050781,195300,0.006613933541566253,0.02053444852872821,0.02053444852872821,2.1384912062667762,0.020714055585275427
115,2022-11-30,18625.699219,18816.050781,18616.550781,18758.349609,18758.349609,345600,0.003948265759163627,0.01639818462046705,0.01639818462046705,2.612458726636055,0.07960039111655616
116,2022-12-01,18871.949219,18887.599609,18778.199219,18812.5,18812.5,325000,0.013220980168562102,0.029785367407472174,0.029785367407472174,1.8868029402518343,-0.009503669157796891
117,2022-12-02,18752.400391,18781.949219,18639.199219,18696.099609,18696.099609,254400,-0.0063347366301537145,0.012086881603148525,0.012086881603148525,1.7559404882285468,-0.028572722665932002
118,2022-12-05,18719.550781,18728.599609,18591.349609,18701.050781,18701.050781,288400,-0.001751754938837724,0.01568048635301378,0.01568048635301378,2.4342468616709843,0.05712005427889032
119,2022-12-06,18600.650391,18654.900391,18577.900391,18642.75,18642.75,217800,-0.006351668979187486,0.002598102893640375,0.002598102893640375,2.629389203542889,0.07966726815928592
120,2022-12-07,18638.849609,18668.300781,18528.400391,18560.5,18560.5,200500,0.0020536495873544336,0.0007060347021274893,0.0007060347021274893,2.4103830857286135,0.0518903067061349
121,2022-12-08,18570.849609,18625.0,18536.949219,18609.349609,18609.349609,202800,-0.0036482938285614663,-0.01595487601762169,-0.01595487601762169,2.3342761013602535,0.03985020594987751
122,2022-12-09,18662.400391,18664.699219,18410.099609,18496.599609,18496.599609,215800,0.0049298111786781895,-0.004799385578562743,-0.004799385578562743,1.3408509802611595,-0.08320336578737608
123,2022-12-12,18402.150391,18521.550781,18345.699219,18497.150391,18497.150391,193900,-0.013945151456803306,-0.016955555916553178,-0.016955555916553178,1.6123174100433004,-0.050936019626671894
124,2022-12-13,18524.400391,18617.25,18490.199219,18608.0,18608.0,187600,0.006643245349184257,-0.004099319023645243,-0.004099319023645243,1.691545882329204,-0.03907159994350064
125,2022-12-14,18671.25,18696.099609,18632.900391,18660.300781,18660.300781,208000,0.007927360988771781,0.0017383256842393724,0.0017383256842393724,1.6218264226515382,-0.04695356772283534
126,2022-12-15,18614.400391,18652.900391,18387.699219,18414.900391,18414.900391,183100,-0.003044767168775553,0.0023451152164246647,0.0023451152164246647,3.079728938653054,0.13616658566299558
127,2022-12-16,18319.099609,18440.949219,18255.150391,18269.0,18269.0,277700,-0.015864103908647786,-0.018395317580130577,-0.018395317580130577,1.84163497391941,-0.022361552919708136
128,2022-12-19,18288.099609,18431.650391,18244.550781,18420.449219,18420.449219,154800,-0.0016922229073295103,-0.006197687747176439,-0.006197687747176439,1.5844186754330716,-0.05283370836582906
129,2022-12-20,18340.300781,18404.900391,18202.650391,18385.300781,18385.300781,169000,0.0028543792474922114,-0.009938222350745596,-0.009938222350745596,2.333917899078629,0.04070277074034343
130,2022-12-21,18435.150391,18473.349609,18162.75,18199.099609,18199.099609,187600,0.005171649643731957,-0.012645088518444147,-0.012645088518444147,1.701218635932444,-0.03913206785282172
131,2022-12-22,18288.800781,18318.75,18068.599609,18127.349609,18127.349609,195700,-0.007938617635115386,-0.017491812959896547,-0.017491812959896547,1.8320181618769422,-0.023434097192307296
132,2022-12-23,17977.650391,18050.449219,17779.5,17806.800781,17806.800781,221500,-0.01701316525484009,-0.018638973819010807,-0.018638973819010807,1.5155721233854735,-0.06333284904468935
133,2022-12-26,17830.400391,18084.099609,17774.25,18014.599609,18014.599609,176700,-0.00819072552849931,-0.025027161257080932,-0.025027161257080932,1.7350036219839813,-0.036737691523491225
134,2022-12-27,18089.800781,18149.25,17967.449219,18132.300781,18132.300781,214300,0.01454820891912978,-0.013658445572469091,-0.013658445572469091,1.8087468345588635,-0.025783809530929604
135,2022-12-28,18084.75,18173.099609,18068.349609,18122.5,18122.5,193900,-0.0002792060045960776,-0.019007189177640993,-0.019007189177640993,1.277417078605735,-0.09328650577394443
136,2022-12-29,18045.699219,18229.699219,17992.800781,18191.0,18191.0,281100,-0.002159321030149819,-0.01329237301619901,-0.01329237301619901,1.5333527789264405,-0.06030303055844249
137,2022-12-30,18259.099609,18265.25,18080.300781,18105.300781,18105.300781,192000,0.011825553967746316,0.01565550624685086,0.01565550624685086,2.7795729851550353,0.10046964801690708
138,2023-01-02,18131.699219,18215.150391,18086.5,18197.449219,18197.449219,256100,-0.00697736431303575,0.016898040503458445,0.016898040503458445,1.3103736837668878,-0.08379286611877239
139,2023-01-03,18163.199219,18251.949219,18149.800781,18232.550781,18232.550781,208700,0.0017372889115099266,0.004057448663397523,0.004057448663397523,2.3474835889303165,0.04449365476744995
140,2023-01-04,18230.650391,18243.0,18020.599609,18042.949219,18042.949219,235200,0.0037136173636989067,0.00806759236373189,0.00806759236373189,1.799661291843686,-0.023683454102262986
141,2023-01-05,18101.949219,18120.300781,17892.599609,17992.150391,17992.150391,269900,-0.007059603976802609,0.0031170861997287247,0.0031170861997287247,1.4227940516925472,-0.07173503656652455
142,2023-01-06,18008.050781,18047.400391,17795.550781,17859.449219,17859.449219,238200,-0.005187200387317348,-0.013749244671202532,-0.013749244671202532,1.2413625500836938,-0.09702854975340809
143,2023-01-09,17952.550781,18141.400391,17936.150391,18101.199219,18101.199219,257200,-0.0030819548809001285,-0.00988039983656186,-0.00988039983656186,1.0053435326927618,-0.12608197925779543
144,2023-01-10,18121.300781,18127.599609,17856.0,17914.150391,17914.150391,283300,0.00939977845257478,-0.002306776328047322,-0.002306776328047322,1.9719664871190323,-0.003599318692174687
145,2023-01-11,17924.25,17976.349609,17824.349609,17895.699219,17895.699219,259900,-0.010873986552146775,-0.01680688206007508,-0.01680688206007508,0.9723172558236801,-0.13126145955742832
146,2023-01-12,17920.849609,17945.800781,17761.650391,17858.199219,17858.199219,227800,-0.00018970896969183748,-0.010004425921707583,-0.010004425921707583,2.8254486780993253,0.10240120408298702
147,2023-01-13,17867.5,17999.349609,17774.25,17956.599609,17956.599609,256700,-0.0029769575753377797,-0.007804885865176137,-0.007804885865176137,2.1666074683850884,0.020016337268654975
148,2023-01-16,18033.150391,18049.650391,17853.650391,17894.849609,17894.849609,206200,0.009271044690079666,0.004489590976971325,0.004489590976971325,1.4742711900704721,-0.06506769235741167
149,2023-01-17,17922.800781,18072.050781,17886.949219,18053.300781,18053.300781,219100,-0.006119264111226541,-0.010953959784615774,-0.010953959784615774,2.284321065348247,0.03432470663670211
150,2023-01-18,18074.300781,18183.75,18032.449219,18165.349609,18165.349609,255800,0.00845291993428865,0.008371384074647548,0.008371384074647548,2.435145913608549,0.056142588354692935
151,2023-01-19,18119.800781,18155.199219,18063.75,18107.849609,18107.849609,237800,0.0025173864566772064,0.011101659594313418,0.011101659594313418,1.5493998688276638,-0.05464944768659189
152,2023-01-20,18115.599609,18145.449219,18016.199219,18027.650391,18027.650391,237200,-0.00023185530849800795,0.013885524499790192,0.013885524499790192,1.8626054484802634,-0.014913357746958953
153,2023-01-23,18118.449219,18162.599609,18063.449219,18118.550781,18118.550781,202500,0.00015730144524628287,0.004730112384720542,0.004730112384720542,1.5956108364253616,-0.04979845436373965
154,2023-01-24,18183.949219,18201.25,18078.650391,18118.300781,18118.300781,216900,0.0036150996814514613,0.01457073820051824,0.01457073820051824,2.3596934130040568,0.04759483473185412
155,2023-01-25,18093.349609,18100.599609,17846.150391,17891.949219,17891.949219,257200,-0.004982394578254334,0.0010539178378630165,0.0010539178378630165,1.5839269730143146,-0.051813679582927694
156,2023-01-27,17877.199219,17884.75,17493.550781,17604.349609,17604.349609,476300,-0.011946399902231786,-0.013388754376063017,-0.013388754376063017,1.3421796537859492,-0.08431787950020446
157,2023-01-30,17541.949219,17709.150391,17405.550781,17648.949219,17648.949219,432400,-0.01875293752075513,-0.03166610006742521,-0.03166610006742521,2.0303065515962246,-0.0006548034221798907
158,2023-01-31,17731.449219,17735.699219,17537.550781,17662.150391,17662.150391,398300,0.010802676352223761,-0.021359443919415022,-0.021359443919415022,1.9778665946712906,-0.0057007834404501825
159,2023-02-01,17811.599609,17972.199219,17353.400391,17616.300781,17616.300781,512900,0.00452023909665078,-0.02047682852143784,-0.02047682852143784,1.6287617512347727,-0.0493968316946263
160,2023-02-02,17517.099609,17653.900391,17445.949219,17610.400391,17610.400391,490100,-0.016534169106922514,-0.03184871858737315,-0.03184871858737315,2.6983431178535984,0.08318535154883007
161,2023-02-03,17721.75,17870.300781,17584.199219,17854.050781,17854.050781,424100,0.011682892463250827,-0.008695389982273372,-0.008695389982273372,1.753569032562437,-0.031970639062131344
162,2023-02-06,17818.550781,17823.699219,17698.349609,17764.599609,17764.599609,282500,0.005462258580557933,0.01576800608340667,0.01576800608340667,1.095347767566539,-0.1109564642019049
163,2023-02-07,17790.099609,17811.150391,17652.550781,17721.5,17721.5,354400,-0.0015967163856186462,0.003307704253364463,0.003307704253364463,2.1415859251824028,0.018532775790745536
164,2023-02-08,17750.300781,17898.699219,17744.150391,17871.699219,17871.699219,291000,-0.0022371335110380475,-0.003441511674730502,-0.003441511674730502,1.408385294304892,-0.07452233615289969
165,2023-02-09,17885.5,17916.900391,17779.800781,17893.449219,17893.449219,260900,0.00761672833987781,0.021030901189299733,0.021030901189299733,2.7007368400500456,0.09137418694082798
166,2023-02-10,17847.550781,17876.949219,17801.0,17856.5,17856.5,232000,-0.0021217868664559214,0.007098665820249206,0.007098665820249206,1.6702169599159646,-0.0400788395112372
167,2023-02-13,17859.099609,17880.699219,17719.75,17770.900391,17770.900391,231300,0.000647081952123818,0.002275652408457063,0.002275652408457063,0.8967278058748567,-0.13790455713094854
168,2023-02-14,17840.349609,17954.550781,17800.050781,17929.849609,17929.849609,244500,-0.0010498849555971024,0.002824604757950766,0.002824604757950766,2.1608479035514585,0.020878918326419214
169,2023-02-15,17896.599609,18034.099609,17853.800781,18015.849609,18015.849609,229300,0.0031529651174337925,0.008242047828090682,0.008242047828090682,2.232627277319639,0.03069847245943017
170,2023-02-16,18094.75,18134.75,18000.650391,18035.849609,18035.849609,230200,0.011071957541048727,0.011699421318945413,0.011699421318945413,1.8125784807120042,-0.02152001159239573
171,2023-02-17,17974.849609,18034.25,17884.599609,17944.199219,17944.199219,208100,-0.006626252973928826,0.0071325656703280504,0.0071325656703280504,2.679973233250296,0.08669417396537539
172,2023-02-20,17965.550781,18004.349609,17818.400391,17844.599609,17844.599609,174600,-0.0005173243839182717,0.005960612479385841,0.005960612479385841,1.6602645123898643,-0.041498070025830024
173,2023-02-21,17905.800781,17924.900391,17800.300781,17826.699219,17826.699219,198200,-0.0033258095300473522,0.0036687157726429387,0.0036687157726429387,1.9774228158930227,-0.002022919790441007
174,2023-02-22,17755.349609,17772.5,17529.449219,17554.300781,17554.300781,204000,-0.008402370485415367,-0.007892560770536905,-0.007892560770536905,0.27037953139678406,-0.21805511959833018
175,2023-02-23,17574.650391,17620.050781,17455.400391,17511.25,17511.25,240800,-0.010177170372832722,-0.02874312212105723,-0.02874312212105723,2.528293684074707,0.06230009200790414
176,2023-02-24,17591.349609,17599.75,17421.800781,17465.800781,17465.800781,209400,0.000950187777763789,-0.02133536626687449,-0.02133536626687449,1.7406927764890308,-0.03547273358751092
177,2023-02-27,17428.599609,17451.599609,17299.0,17392.699219,17392.699219,246400,-0.009251706299824414,-0.02988782133904122,-0.02988782133904122,1.2885878844183243,-0.09350720678957418
178,2023-02-28,17383.25,17440.449219,17255.199219,17303.949219,17303.949219,420900,-0.002602022538665816,-0.02918332373911392,-0.02918332373911392,2.029148089580437,-0.0004298720741032717
179,2023-03-01,17360.099609,17467.75,17345.25,17450.900391,17450.900391,272900,-0.001331764255820933,-0.022260896501843708,-0.022260896501843708,1.2364645388223146,-0.09891318749037725
180,2023-03-02,17421.5,17445.800781,17306.0,17321.900391,17321.900391,310700,0.0035368685884824558,-0.008714278099007156,-0.008714278099007156,1.254686806279199,-0.09460468961283656
181,2023-03-03,17451.25,17644.75,17427.699219,17594.349609,17594.349609,356200,0.001707660075194406,-0.007964119417439353,-0.007964119417439353,2.6822820989424754,0.08473198739271935
182,2023-03-06,17680.349609,17799.949219,17671.949219,17711.449219,17711.449219,362800,0.01312797702170343,0.014444648775452817,0.014444648775452817,1.7641989684536505,-0.027184207223055944
183,2023-03-08,17665.75,17766.5,17602.25,17754.400391,17754.400391,267000,-0.0008257534111525411,0.016251276372369894,0.016251276372369894,1.4787797750140457,-0.06274712049064936
184,2023-03-09,17772.050781,17772.349609,17573.599609,17589.599609,17589.599609,262400,0.006017337559967917,0.023729770063440903,0.023729770063440903,1.654851978120237,-0.039526861476853456
185,2023-03-10,17443.800781,17451.5,17324.349609,17412.900391,17412.900391,235900,-0.018470012495740207,0.0012800723818271464,0.0012800723818271464,2.058981575387008,0.007859895618023895
186,2023-03-13,17421.900391,17529.900391,17113.449219,17154.300781,17154.300781,254900,-0.0012554826941073571,-0.0016818055440155355,-0.0016818055440155355,2.050557438145045,0.0063604648227490535
187,2023-03-14,17160.550781,17224.650391,16987.099609,17043.300781,17043.300781,290600,-0.015001211356655886,-0.02939980483957172,-0.02939980483957172,1.539974230675644,-0.06187457980426769
188,2023-03-15,17166.449219,17211.349609,16938.900391,16972.150391,16972.150391,248200,0.0003437207858461022,-0.028263774875111558,-0.028263774875111558,1.1315335444947765,-0.11298203195721196
189,2023-03-16,16994.650391,17062.449219,16850.150391,16985.599609,16985.599609,349800,-0.010007825486114563,-0.04374286341962952,-0.04374286341962952,2.702175150826089,0.08189212726326346
190,2023-03-17,17111.800781,17145.800781,16958.150391,17100.050781,17100.050781,408100,0.006893368636876618,-0.01903254939494714,-0.01903254939494714,1.3350435642063232,-0.08605567989067274
191,2023-03-20,17066.599609,17066.599609,16828.349609,16988.400391,16988.400391,241800,-0.0026415204675704906,-0.020393916508875454,-0.020393916508875454,2.0482427059300705,0.0032784859840328806
192,2023-03-21,17060.400391,17127.699219,17016.0,17107.5,17107.5,246700,-0.0003632368569034261,-0.005836082493977268,-0.005836082493977268,1.6828289929223634,-0.04042502724731988
193,2023-03-22,17177.449219,17207.25,17107.849609,17151.900391,17151.900391,0,0.0068608488263701695,0.0006407848157570228,0.0006407848157570228,2.6585552844037132,0.08303688602289444
194,2023-03-23,17097.400391,17205.400391,17045.300781,17076.900391,17076.900391,219200,-0.004660111462385097,0.006046020226130322,0.006046020226130322,1.1958093332675555,-0.09979448320437236
195,2023-03-24,17076.199219,17109.449219,16917.349609,16945.050781,16945.050781,228000,-0.0012400231330583766,-0.0020805269097997625,-0.0020805269097997625,1.8155724287089012,-0.023199766503268857
196,2023-03-27,16984.300781,17091.0,16918.550781,16985.699219,16985.699219,218400,-0.005381668181625887,-0.004822215900383564,-0.004822215900383564,2.6171189705061852,0.0770198983364757
197,2023-03-28,17031.75,17061.75,16913.75,16951.699219,16951.699219,238800,0.00279371047485677,-0.0016793504456737995,-0.0016793504456737995,2.177864986596136,0.02234341833185635
198,2023-03-29,16977.300781,17126.150391,16940.599609,17080.699219,17080.699219,345900,-0.003196924508638177,-0.011651813691791468,-0.011651813691791468,2.103657711315454,0.011539562487878926
199,2023-03-31,17210.349609,17381.599609,17204.650391,17359.75,17359.75,263900,0.01372708365164943,0.006606221730612205,0.006606221730612205,1.193946181057545,-0.09994482106368503
200,2023-04-03,17427.949219,17428.050781,17312.75,17398.050781,17398.050781,230200,0.012643532231687349,0.02059884611843965,0.02059884611843965,2.170624540272065,0.0247577812165456
201,2023-04-05,17422.300781,17570.550781,17402.699219,17557.050781,17557.050781,248300,-0.0003241022755470224,0.02578852115537078,0.02578852115537078,2.147429724821391,0.022620001680902845
202,2023-04-06,17533.849609,17638.699219,17502.849609,17599.150391,17599.150391,242700,0.006402646206272067,0.02948021248550514,0.02948021248550514,1.3747880458666142,-0.07382913974665056
203,2023-04-10,17634.900391,17694.099609,17597.949219,17624.050781,17624.050781,254800,0.005763182886439733,0.03873404956905424,0.03873404956905424,2.134396794166554,0.022914956733450453
204,2023-04-11,17704.800781,17748.75,17655.150391,17722.300781,17722.300781,304300,0.003963753038019879,0.028729873781380588,0.028729873781380588,1.9473225809415746,-0.0020632977528845797
205,2023-04-12,17759.550781,17825.75,17717.25,17812.400391,17812.400391,232800,0.003092381590577231,0.019026998405440088,0.019026998405440088,2.049664781503394,0.0093376348261654
206,2023-04-13,17807.300781,17842.150391,17729.650391,17828.0,17828.0,285800,0.002688694133586189,0.022098114642806754,0.022098114642806754,2.595234749046143,0.07828832652948074
207,2023-04-17,17863.0,17863.0,17574.050781,17706.849609,17706.849609,357400,0.00312788668451236,0.018772283231575537,0.018772283231575537,2.3085240325251113,0.04179763658073905
208,2023-04-18,17766.599609,17766.599609,17610.199219,17660.150391,17660.150391,258900,-0.005396651794211449,0.0074681010428170325,0.0074681010428170325,2.369350495504855,0.04774767876483853
209,2023-04-19,17653.349609,17666.150391,17579.849609,17618.75,17618.75,281500,-0.006374320494205943,-0.0029060576640441704,-0.0029060576640441704,1.8412899942808236,-0.020094251587374247
210,2023-04-20,17638.599609,17684.449219,17584.349609,17624.449219,17624.449219,215100,-0.0008355354834461703,-0.006810486002236105,-0.006810486002236105,2.107126997100071,0.01269731277129594
211,2023-04-21,17639.75,17663.199219,17553.949219,17624.050781,17624.050781,230200,6.522008693998771e-05,-0.009409106021209812,-0.009409106021209812,1.8223323752426979,-0.023444342871301448
212,2023-04-24,17707.550781,17754.5,17612.5,17743.400391,17743.400391,255700,0.0038436361626441595,-0.008702301908973809,-0.008702301908973809,1.5582216753448561,-0.0564961875294568
213,2023-04-25,17761.550781,17807.449219,17716.849609,17769.25,17769.25,297400,0.003049546527797764,-0.0002841752564425315,-0.0002841752564425315,1.7105353516233863,-0.0361184783859698
214,2023-04-26,17767.300781,17827.75,17711.199219,17813.599609,17813.599609,233000,0.000323732993301018,0.006454932039747563,0.006454932039747563,1.6866132894920722,-0.03811642210353798
215,2023-04-27,17813.099609,17931.599609,17797.900391,17915.050781,17915.050781,241400,0.0025777031955791507,0.00989307563345121,0.00989307563345121,2.0736065753515196,0.010980809001919912
216,2023-04-28,17950.400391,18089.150391,17885.300781,18065.0,18065.0,290300,0.00770785461338952,0.017610815969614002,0.017610815969614002,2.744255705250687,0.09632748981601104
217,2023-05-02,18124.800781,18180.25,18101.75,18147.650391,18147.650391,265200,0.009715682447253071,0.023563394235622148,0.023563394235622148,1.529739257252401,-0.05525872235909917
218,2023-05-03,18113.800781,18116.349609,18042.400391,18089.849609,18089.849609,226200,-0.0006069032224360615,0.01983216467656712,0.01983216467656712,2.0169169880756064,0.005346485273941832
219,2023-05-04,18081.0,18267.449219,18066.699219,18255.800781,18255.800781,226600,-0.0018108171441527654,0.017655986290020076,0.017655986290020076,1.9875956815351603,0.0013407653435831657
220,2023-05-05,18117.300781,18216.949219,18055.449219,18069.0,18069.0,239700,0.0020076755157347748,0.01707738566994288,0.01707738566994288,2.40078183981537,0.053127133437507024
221,2023-05-08,18120.599609,18286.949219,18100.300781,18264.400391,18264.400391,228400,0.00018208164890975986,0.009481639088414706,0.009481639088414706,2.4087260076989723,0.052991373195317985
222,2023-05-09,18303.400391,18344.199219,18229.650391,18265.949219,18265.949219,245400,0.010088009555114574,0.009853879894074158,0.009853879894074158,1.9340036932450462,-0.0065512198850244
223,2023-05-10,18313.599609,18326.75,18211.949219,18315.099609,18315.099609,220500,0.0005572307758190398,0.011030199040809485,0.011030199040809485,2.811317962232626,0.10376503114961556
224,2023-05-11,18357.800781,18389.699219,18270.400391,18297.0,18297.0,248900,0.0024135709496606594,0.015308930977269153,0.015308930977269153,1.618878903989263,-0.045299212671599365
225,2023-05-12,18273.75,18342.75,18194.550781,18314.800781,18314.800781,241700,-0.004578477672935288,0.008635349210742715,0.008635349210742715,1.8661190504629122,-0.015255444351383126
226,2023-05-15,18339.300781,18458.900391,18287.900391,18398.849609,18398.849609,216100,0.003587155400506248,0.012069201721745415,0.012069201721745415,2.1082346014456577,0.01565274327865982
227,2023-05-16,18432.349609,18432.349609,18264.349609,18286.5,18286.5,219500,0.005073739130577959,0.007045096279673091,0.007045096279673091,2.7005405416907204,0.089263209856782
228,2023-05-17,18300.449219,18309.0,18115.349609,18181.75,18181.75,229900,-0.007155918415067353,-0.0007180669164318365,-0.0007180669164318365,3.035207265782201,0.13012024543613293
229,2023-05-18,18287.5,18297.199219,18104.849609,18129.949219,18129.949219,272100,-0.0007075902260669231,-0.003829477279912674,-0.003829477279912674,1.6235786893770192,-0.04756415998182016
230,2023-05-19,18186.150391,18218.099609,18060.400391,18203.400391,18203.400391,260900,-0.005542015529733435,-0.004793740146384895,-0.004793740146384895,1.1703438385567846,-0.10460852276765625
231,2023-05-22,18201.099609,18335.25,18178.849609,18314.400391,18314.400391,262600,0.0008220111281713738,-0.007535792866387836,-0.007535792866387836,1.939093082894344,-0.008506387350659953
232,2023-05-23,18362.900391,18419.75,18324.199219,18348.0,18348.0,270400,0.008889615763653769,-0.003767789754057782,-0.003767789754057782,2.296985263922903,0.03698660696970373
233,2023-05-24,18294.800781,18392.599609,18262.949219,18285.400391,18285.400391,232600,-0.003708543233909567,-0.00030865023761994514,-0.00030865023761994514,0.7490723959828127,-0.1568271919628537
234,2023-05-25,18268.900391,18338.099609,18202.400391,18321.150391,18321.150391,235900,-0.0014157240797560977,-0.0010170667942583922,-0.0010170667942583922,2.7197256313990628,0.09046909234626864
235,2023-05-26,18368.349609,18508.550781,18333.150391,18499.349609,18499.349609,198700,0.005443634585089452,0.010018569850283932,0.010018569850283932,1.5067958209765726,-0.060159662893790905
236,2023-05-29,18619.150391,18641.199219,18581.25,18598.650391,18598.650391,265300,0.013653963874746378,0.02296843547811167,0.02296843547811167,2.2894722070683438,0.040031772135363346
237,2023-05-30,18606.650391,18662.449219,18575.5,18633.849609,18633.849609,234400,-0.0006713517930464485,0.013274046844989007,0.013274046844989007,2.1059367244704057,0.015543993459844313
238,2023-05-31,18594.199219,18603.900391,18483.849609,18534.400391,18534.400391,696500,-0.0006691785860620802,0.01636521991050799,0.01636521991050799,1.7211012949794289,-0.03230832246491307
239,2023-06-01,18579.400391,18580.300781,18464.550781,18487.75,18487.75,265600,-0.0007958841263181471,0.016996096828737706,0.016996096828737706,1.515042321382,-0.05808349852550769
240,2023-06-02,18550.849609,18573.699219,18478.400391,18534.099609,18534.099609,270900,-0.0015366901729416682,0.00993556873016943,0.00993556873016943,2.09797654105592,0.01404662952442145
241,2023-06-05,18612.0,18640.150391,18582.800781,18593.849609,18593.849609,256100,0.0032963660580986875,-0.00038403422550659094,-0.00038403422550659094,1.4900038791885621,-0.06381958471855008
242,2023-06-06,18600.800781,18622.75,18531.599609,18599.0,18599.0,0,-0.0006017203417149064,-0.00031438275439554797,-0.00031438275439554797,2.1926845443905116,0.024407531031668313
